4.671509299396157111e+00,4.594251633250237887e+00,7.317712169614841500e+00,4.717334687575003294e+00,-5.321456350011672498e+00,2.000000000000000000e+00
-1.095148205559885568e+00,1.342241934614653243e+00,3.924691973147175439e+00,2.524753109225084557e+00,9.910040141014272663e+00,3.000000000000000000e+00
3.622024208946570401e-01,1.150694886858028010e-01,-3.872873165626906200e+00,5.653675197985078782e+00,4.397848355530181053e+00,1.300000000000000000e+01
4.438943752233432960e+00,4.642333071584962667e+00,4.166080612008828510e+00,-1.449322984856699748e+00,-5.372029397687003716e+00,4.000000000000000000e+00
3.706199171803839398e+00,5.023964861524509828e+00,6.103844581854480644e-01,3.809533107336219970e+00,-6.663858939083187494e+00,-2.000000000000000000e+00
6.799619646791007277e+00,6.490316706016748149e+00,-1.465777640238416613e+00,9.732761993774077247e-01,-7.079312638516778833e+00,9.000000000000000000e+00
-4.388087518654198993e-01,5.033451033241816974e-01,3.060060319912287330e+00,2.018642213867090085e+00,-2.666872705966851775e+00,1.100000000000000000e+01
1.403494174391299865e+00,1.210461545558852325e+00,-2.077444947847368439e+00,4.581394596722064172e+00,6.133960587793927388e+00,3.000000000000000000e+00
1.600402171600450618e+00,2.301911844989620981e+00,5.569441312886967310e+00,1.482777074356437907e+00,8.225300079644850548e-01,5.000000000000000000e+00
3.418791149015558251e+00,4.324370266495543902e+00,4.692637502297427154e+00,3.079337063691279575e+00,3.555653453717995127e+00,-2.000000000000000000e+00
1.108512507878034237e+00,1.124046355913453032e+00,2.239993179252659061e+00,-1.116981642573539268e+00,8.723321743670936712e+00,0.000000000000000000e+00
-2.588802692239877246e+00,-9.667097140694089763e-01,8.497653033772190057e-01,7.882048921383649542e+00,9.520619298800054864e+00,3.000000000000000000e+00
-5.892963871448988478e-01,-5.067591615347823986e-01,1.947702136828755481e+00,6.413776131978481843e+00,7.676876191748107203e+00,5.000000000000000000e+00
4.012116676790754788e+00,3.354862898777764890e+00,-5.327457428064432676e-01,3.899934227258992525e+00,2.082782701988347362e+00,1.000000000000000000e+00
3.512681177044853165e+00,2.242070386309312102e+00,2.268867123757693172e+00,2.529359924695440132e+00,8.061142971003976143e-01,2.000000000000000000e+00
1.742747989013181398e+00,6.541797750190390115e-01,-6.033377232480640728e+00,3.082513580615191096e+00,2.727589588811389021e+00,4.000000000000000000e+00
1.875970292682546114e+00,5.226397768272197375e-01,2.766129890280609516e+00,7.796093490057138808e+00,6.399177668403668306e+00,0.000000000000000000e+00
1.995548966430807925e-01,6.542689228726965567e-01,2.842659824766766707e+00,6.130422274551377448e+00,-1.460845881710786109e+00,3.000000000000000000e+00
2.453442308272390626e+00,3.478078059777201414e+00,5.035449004272224194e+00,7.863377319677756105e+00,2.524981837858777389e-01,1.100000000000000000e+01
2.374504693790877585e-01,-5.779058922244513230e-01,3.399434727980263027e+00,2.132435708338107361e+00,8.636949345862536820e-01,1.000000000000000000e+00
-1.943715542626927473e+00,-1.426822201638691112e+00,5.432004285614496553e+00,5.433597117831823198e+00,1.129173259451599876e+01,0.000000000000000000e+00
4.639879827418470271e+00,4.633617547158248584e+00,4.141093327157175707e+00,8.254695928621380574e+00,2.951669087405516478e+00,1.700000000000000000e+01
1.796975954914701523e+00,1.050108944079320761e+00,5.609572811218369814e+00,-2.045832131742515436e-01,1.363716328379856613e+01,6.000000000000000000e+00
2.862440252103087168e+00,8.413424817159025348e-01,1.036427519197765790e+01,-4.561714432262755636e-01,-6.298487679161104413e-01,0.000000000000000000e+00
2.870784749553525916e+00,2.341984239435477733e+00,3.760051425845108319e+00,4.600817978921535101e+00,-1.594353306345325016e+00,8.000000000000000000e+00
-7.727177346185126749e-01,-9.778207170691646244e-01,3.052072434302088855e+00,-1.439767573121399025e+00,5.265326218290605986e+00,6.000000000000000000e+00
1.379881117562586468e+00,2.500992001552954314e+00,6.061146763804465820e+00,-3.763299998804094493e+00,-2.128284464377848018e+00,1.000000000000000000e+00
1.403900944897147340e+00,2.345455213384545212e-01,1.095305491688912669e+00,8.198582920034194643e+00,6.453553496259490707e+00,4.000000000000000000e+00
3.659987934156121892e+00,3.251345073368015370e+00,2.142436702103747592e+00,8.895594102662698788e+00,4.938892927708318226e-01,3.000000000000000000e+00
-2.414610173504792456e+00,-2.067468203340362631e+00,3.762983854835709074e+00,-1.220078216852721553e+00,3.624814694841939300e+00,1.000000000000000000e+01
1.450914021792833575e+00,1.901332375932262009e+00,2.717245113185513095e+00,-2.227947044321085812e+00,7.536690447139796412e+00,9.000000000000000000e+00
1.306722366787749223e-01,5.375348576187846117e-01,2.703740322402663487e+00,8.872411934537076661e-01,-5.785477409825728223e+00,-7.000000000000000000e+00
-3.653213934684204633e-01,-4.092865962466638585e-01,5.199337609978938346e+00,8.511233408478265261e+00,7.119852480441251075e+00,1.600000000000000000e+01
1.083682151955340567e+00,2.542689158425478269e+00,-2.588164518558680349e+00,1.857046189687422633e+00,-1.298351497773976959e+00,3.000000000000000000e+00
1.921378959012540077e+00,7.033561542928965515e-01,8.600377235416715394e+00,3.878780070859244589e+00,7.380426215325492478e+00,1.500000000000000000e+01
2.966698993619183877e+00,1.932025596313728499e+00,3.957700053953684183e+00,4.799686964112124699e+00,7.349252944012757638e+00,9.000000000000000000e+00
3.363935490032147868e+00,3.531423841572606470e+00,1.299216010557228795e+00,4.195391209434474078e+00,-1.091317652683541795e+01,6.000000000000000000e+00
2.178341805571073042e+00,2.582991288441232047e+00,7.384158725046368943e+00,9.476284576013672023e+00,3.588968177876599164e-01,4.000000000000000000e+00
-1.183919974879140247e+00,-1.160742270094279327e+00,2.810602152111200791e+00,6.204358851090452376e-01,5.451700410027306987e+00,2.100000000000000000e+01
6.306931556556108487e-02,-8.349251002097846097e-02,2.889695612788772294e+00,3.091172916194331322e+00,-7.705686205977887226e+00,3.000000000000000000e+00
1.618485997418358968e+00,1.918582693503776859e+00,1.855890151940108534e+00,4.429702798389477003e+00,3.220171442543598772e+00,0.000000000000000000e+00
3.586838863130144883e+00,2.587753803147248455e+00,6.903080991602659644e+00,3.304017195337237034e+00,-1.228018340419238630e+00,1.000000000000000000e+00
-1.206020722876370632e+00,2.180874481321952718e-01,2.471947062496325564e+00,-1.376404830044172023e+00,-2.246724029286777835e+00,5.000000000000000000e+00
6.837707891209738875e-01,1.395706959055710294e+00,8.247521024176061033e-01,-2.390142067440129026e+00,-6.481523795007502198e-01,4.000000000000000000e+00
2.158416204651999237e+00,1.383174212787940283e+00,5.496318906579553243e+00,-2.473909110020598767e+00,-1.499742395053737409e+00,1.100000000000000000e+01
1.986074912589036900e+00,1.661798370110166623e+00,6.048866127266096626e+00,6.405018999369843868e+00,-5.160849419717292719e-01,9.000000000000000000e+00
-2.037435991940470537e+00,-1.357894741532093441e+00,7.319824941016421782e+00,2.183880372425952565e-01,6.283511696294807436e+00,9.000000000000000000e+00
-1.429595794361927297e+00,-1.830064261058957698e+00,4.400797126148901839e+00,5.377099615765216001e+00,1.073629691138111042e+01,3.000000000000000000e+00
-4.311434472209223934e+00,-3.518474027122796777e+00,5.938799485729449046e+00,3.846972151272824991e+00,7.129294278003381002e+00,9.000000000000000000e+00
9.010063600005948636e-01,1.211122190779820418e+00,1.722240422205122412e+00,-3.994285420865817393e-01,8.302668162530121521e+00,9.000000000000000000e+00
-6.846615087526664034e-01,-1.728380454295119772e+00,5.577398259844919437e+00,-2.995962767182827058e-01,4.985930348421869773e-01,4.000000000000000000e+00
6.206534848495369516e+00,5.273451271430188214e+00,4.727567817801599404e+00,4.036052641656390882e+00,-5.090049384269761390e-01,6.000000000000000000e+00
2.596468866696450384e+00,2.308232108932526394e+00,4.091380806827978667e+00,3.810738838249181804e+00,1.222482563194783722e+01,9.000000000000000000e+00
-2.414882915475776493e+00,-1.363733878222509688e+00,-2.171374282301088421e+00,5.468128945108295724e+00,-2.589089937652273576e+00,6.000000000000000000e+00
2.892606337458451637e+00,3.270261487553221436e+00,1.335478079367776072e+00,1.669981768885633766e+00,-7.414050132247912650e+00,6.000000000000000000e+00
3.371462248483896751e+00,3.274996605674523220e+00,2.362854979960429258e+00,1.131688839692173154e-01,7.124861910992919434e+00,1.300000000000000000e+01
4.892869697915965155e+00,3.437448309850697825e+00,4.094788081705685201e+00,3.939482099981137075e+00,1.665177349825701647e+00,6.000000000000000000e+00
-2.398512824652315079e+00,-6.161433910096094646e-01,9.702211326173378225e+00,9.179676497786449119e+00,1.608643182710610242e+00,1.000000000000000000e+00
1.559964622884489005e+00,2.432108669784348365e+00,5.077731749056272115e+00,-4.006716267598476655e+00,-4.080476847311845567e+00,-3.000000000000000000e+00
4.599937964140837998e+00,3.471334572018662357e+00,6.995991768591380833e-02,3.037893121050139200e-01,3.487224136935132002e-01,5.000000000000000000e+00
5.501881377308395216e+00,4.141714299514399400e+00,1.059269440452647926e+00,5.861760569133680931e+00,5.261811518875036953e-01,3.000000000000000000e+00
-2.117199407210528683e+00,-2.047485669932728403e+00,6.669591107051973111e+00,4.365942537948964031e+00,6.740122100456328980e+00,9.000000000000000000e+00
2.103132527404125263e+00,5.647317861808817119e-01,9.273393576463977439e-01,5.920077175294034433e+00,-2.261968873808618330e+00,1.400000000000000000e+01
-1.421389523445705017e+00,-6.880183690242753780e-01,5.556113492564040968e+00,1.781379901480853567e+00,3.003273755880967677e+00,-1.000000000000000000e+00
3.219009126120609299e+00,4.728248530184228748e+00,2.851666270707026385e+00,-2.947664069234800621e+00,-3.568663261910278273e+00,0.000000000000000000e+00
2.772344943388057814e+00,1.982114667708929856e+00,2.000833181600721211e+00,1.018597087146663682e+01,5.250104789273613903e+00,4.000000000000000000e+00
4.077200518376685956e+00,2.782495608764492090e+00,9.728038301262462717e-01,7.835343559643588307e+00,-4.184742744234835499e+00,0.000000000000000000e+00
3.230739903385358325e+00,1.952710711403230048e+00,-6.639273562797411543e+00,3.403287370315507765e+00,2.427428154498740831e+00,3.000000000000000000e+00
8.871265626011363148e-01,1.750571168813714662e+00,4.119253372602408092e+00,1.333575321161526439e-01,1.542056091936581197e+01,1.000000000000000000e+00
-5.271963791011732292e-01,-7.265762419201744482e-01,-6.563892890302076566e-01,1.537729701434646712e+00,-1.017076151374367354e+00,-1.000000000000000000e+00
9.467992012662749257e-01,1.069811543062314518e-01,-1.755102799294537164e+00,4.416334047239038441e+00,1.567039561689075322e-01,9.000000000000000000e+00
1.444008442234305134e+00,1.143030729002610268e+00,3.243324105657551915e+00,2.493470933256173971e+00,2.387657005503405649e+00,5.000000000000000000e+00
1.149185287869594063e+00,-2.971714212765492746e-01,5.588628633873327090e+00,3.442003341939792183e+00,-1.041410063933755481e+01,1.500000000000000000e+01
-1.071389436724767164e+00,-6.663435795234906589e-01,-2.590424264278177624e+00,9.940548816703483226e+00,-2.467793706075378957e+00,7.000000000000000000e+00
5.180296437862644821e-01,5.886454541077736913e-01,5.510186522941086018e+00,7.194700853198084722e+00,4.964817296108527955e+00,1.200000000000000000e+01
2.590244414930298333e-02,-2.102880173561942900e-01,-2.096177693850975743e-01,-1.183113874666546828e+00,3.331937413523760938e+00,0.000000000000000000e+00
1.932188319591070069e+00,1.099634180354868818e+00,4.446793168098766458e+00,3.807676009101447434e+00,8.173901607363355026e+00,0.000000000000000000e+00
-8.020056013590581845e-02,1.142591710658971138e-01,4.236847611705501393e+00,1.418545960651540039e+00,2.695116637209229893e+00,1.800000000000000000e+01
5.577168249533955846e-01,-3.697173189800131432e-01,1.880069654654209721e+00,4.691772502992879623e+00,2.738996502999417437e+00,1.000000000000000000e+00
7.493763874273020598e-01,-8.552483206276446648e-01,2.589618803684492487e+00,3.246674373964631766e+00,1.340894444819548559e+00,0.000000000000000000e+00
4.941206876896108158e-01,1.012191840091281936e+00,1.311399029566815200e+00,1.537079511506696150e+01,1.273582769363659661e+00,-2.000000000000000000e+00
2.611937168004920817e+00,2.776596547714824226e+00,3.290611770782482903e+00,5.217046630143773456e+00,-4.834535638698888249e+00,1.600000000000000000e+01
3.269502699667365508e+00,2.301743107891211615e+00,3.264118279045844062e+00,2.963263975332801614e+00,9.609273772848512252e-01,3.000000000000000000e+00
-1.262919960407280495e-01,-2.053820370177804389e+00,-2.716556119421049686e-01,1.087202422933395951e+01,1.197536300731645742e+00,7.000000000000000000e+00
3.355460807402935508e+00,2.719501522021815276e+00,-1.573495769420481416e+00,4.322197835410321431e+00,-4.773328628255270267e+00,5.000000000000000000e+00
1.501381793872571091e+00,2.287618063906785792e+00,5.525062549571448045e+00,-2.574897184321373267e+00,-1.484905251413809246e+00,0.000000000000000000e+00
2.972719082518034295e+00,2.774546812794917106e+00,3.112032041963495033e+00,3.002212081591935977e+00,3.481217285898197122e+00,3.000000000000000000e+00
4.127418012372142009e+00,3.167224660606650755e+00,5.109508848947758253e+00,5.954812989488214470e+00,1.544052877182915839e+00,1.000000000000000000e+01
-1.267876214938874924e+00,-4.553076475660018385e-01,4.887886610681038135e-01,5.438117931593208887e+00,7.793340280337258896e+00,-2.000000000000000000e+00
-6.779857372589452869e-01,4.003944660803628874e-01,2.668468661567580114e-02,7.520698817473293829e+00,-1.016575144429211042e+00,9.000000000000000000e+00
4.235944011658090425e+00,4.580927028214379249e+00,-5.355107836095731599e-01,4.114865874844608307e+00,-6.469076901231405330e-01,1.300000000000000000e+01
5.121714311395539454e+00,4.462080762956947666e+00,1.957727266089320572e+00,3.832443886258655841e+00,8.046879744735862872e+00,6.000000000000000000e+00
-5.223913664767543263e-01,8.468228793652978759e-01,3.197338862763730916e+00,-2.109901206760768311e+00,1.014075078017199694e+01,1.300000000000000000e+01
1.513144061665413931e+00,2.206222849336986869e+00,8.685253983777041498e-01,9.613689031448659605e+00,-4.579407278614395338e+00,-3.000000000000000000e+00
2.654859628001009497e+00,2.381199742853669754e+00,7.194473746995208252e+00,2.277585679204270797e+00,-3.423219373711182456e+00,-5.000000000000000000e+00
5.605808017955882683e+00,4.515289264307066119e+00,5.735566213579266215e-01,-4.181392544892914565e-01,7.972062682098508546e+00,6.000000000000000000e+00
1.980771522971589205e+00,1.690560779876153719e+00,3.246388406437553442e+00,1.401163155279403583e+01,4.567191351386708398e+00,1.000000000000000000e+00
-1.049889013691370554e+00,-1.424573797624061111e+00,-1.491292669906467694e-01,1.022034275297101402e+01,4.470923365603966637e+00,1.000000000000000000e+01
1.052909862054698609e+00,4.798814300493803309e-02,4.806400075270609307e-01,1.709004310970606344e+00,2.439953509214728200e+00,3.000000000000000000e+00
8.864331129562959433e+00,7.267073319086648553e+00,2.240987228956257571e+00,-4.022685377021704589e+00,-2.129774426057910119e+00,5.000000000000000000e+00
-3.173062787041436295e-02,-1.517242514735887227e+00,2.091817790145888978e-03,6.261143149018693066e-01,6.717210040369293367e+00,5.000000000000000000e+00
-9.408033528128174616e-01,1.100558243255160384e+00,2.768246344178571405e+00,9.816542385039614516e+00,2.336361114188858501e-01,5.000000000000000000e+00
5.725124792972781762e+00,5.627066880504904667e+00,3.820752740867205510e+00,4.206853214821437703e+00,-2.443069419245191831e+00,1.000000000000000000e+00
3.130293808491817487e-01,-5.994864835689053262e-01,5.780123287090583872e+00,-1.897745386543951973e+00,1.758382300003489940e+00,-3.000000000000000000e+00
-2.754012271631435915e+00,-4.453799002652676364e+00,-7.397088286752118158e-01,6.635926168909986878e+00,9.297501551029094813e+00,3.000000000000000000e+00
-3.445007917408496656e+00,-4.085994528593730912e+00,3.003526916746936948e+00,2.660567885547820310e+00,4.398156673781993931e+00,1.300000000000000000e+01
-1.447614225388122122e+00,-5.884279275276704801e-01,2.314155623525146588e+00,9.051921288313398151e-01,-1.750304940548215615e+00,1.000000000000000000e+00
-3.252882373216774425e+00,-2.525869504779862496e+00,-3.044543778377756915e+00,1.208638081600977632e+00,1.390274832333126298e+01,1.000000000000000000e+00
2.375302913595587206e+00,3.074334674525003308e+00,-8.863612897837329641e-01,8.725570032547517840e+00,5.777873316431776374e-01,5.000000000000000000e+00
1.843807094870345331e+00,1.536288213619736442e+00,3.924841857656059307e+00,5.686545393416316152e+00,1.094898508500019751e+01,-2.000000000000000000e+00
-3.747496627621196286e+00,-3.267674575996742270e+00,-1.557970441953948182e+00,-2.444230747238784751e+00,-2.393739029920143757e+00,1.100000000000000000e+01
-5.235363949590411181e+00,-2.190701784517291362e+00,2.279738557935685694e+00,4.968755120467807984e+00,-1.056663394500130249e+00,-1.000000000000000000e+00
2.301991972245240881e+00,3.480280986173678759e+00,-3.867327490475881646e+00,3.930460318985200097e+00,2.853692885106998478e+00,3.000000000000000000e+00
9.420689898785334915e-01,1.386318111397662367e+00,2.191142896218071456e+00,1.818369073637026379e+00,2.270018920668051887e+00,2.000000000000000000e+01
2.504780198859569929e+00,3.867262688781113678e+00,-3.660526733658191034e+00,2.029275506162881548e+00,-5.655713004052154602e+00,-1.000000000000000000e+00
2.024492088614963770e+00,3.238021536705765868e+00,6.862643718811873850e-01,3.979027966365311642e-02,6.444455249745805858e+00,1.300000000000000000e+01
7.499292225441753779e-01,-1.301041407946519790e+00,1.186783834652571201e+00,8.498945137690920859e-01,9.515747617921608281e-01,5.000000000000000000e+00
2.755314237172714620e+00,2.763936131337111135e+00,2.869076687584465990e+00,4.658893794144204570e+00,7.228817384223292564e+00,6.000000000000000000e+00
1.739587422814927953e+00,2.125702132193420191e+00,1.742346640270458824e+00,2.389720371985232461e+00,1.522123719919444618e+00,0.000000000000000000e+00
-2.256098480800549311e+00,-2.923441908525920230e+00,-1.207701637876832379e+00,5.682726552761343086e+00,1.573789080546473595e+00,9.000000000000000000e+00
-5.778872358066879933e-01,-1.723956658457072688e+00,-1.151644973406437789e+00,3.600814702245314081e-01,2.380264065111379335e+00,2.000000000000000000e+00
8.115956641311132813e+00,5.875340976856046282e+00,-2.342325806798036147e+00,6.329978465483291572e+00,4.985424162697718486e+00,-1.000000000000000000e+00
8.500925421626308598e-01,-8.552804758674774632e-01,3.119456513270348896e+00,8.757778297824636127e+00,3.366545300642188376e+00,1.300000000000000000e+01
2.257851062291207356e+00,1.823042232666202800e+00,2.987059594786711791e+00,3.472865440002713910e+00,7.038662124032069478e+00,2.000000000000000000e+00
-9.141093967189828362e-01,6.186985036242229619e-01,4.508224644351447097e+00,5.582506441099670091e+00,1.038350192036740438e+01,-6.000000000000000000e+00
3.649655223483529998e-01,1.367447903755342420e+00,9.995750408901202810e-01,5.738571487606268562e+00,2.230435846964722746e+00,3.000000000000000000e+00
3.491454171126814332e-01,7.510038637874950629e-01,-2.703030166173163273e+00,1.491607905565354386e+00,2.133031371581486813e+00,9.000000000000000000e+00
3.436937790955763017e+00,2.930374585886363903e+00,1.552002117214810184e+00,5.753459871328191255e+00,-9.552152737867753984e-01,8.000000000000000000e+00
2.972298209984280071e+00,2.877981688705848917e+00,2.533140977316671094e+00,-5.573737732114624421e+00,2.882506432903441329e+00,1.000000000000000000e+00
-2.371776034298918034e-01,1.235849135148557210e+00,-9.942469770011603813e-01,-7.166266168687974059e+00,1.029380098485176731e+01,0.000000000000000000e+00
-2.460697114876562175e+00,-8.089460872060443286e-01,-7.095190883464512765e-01,2.182086944049535404e+00,-1.326235909325589102e+00,-3.000000000000000000e+00
1.214303716861150351e-01,-1.375776818976246485e-01,3.852769257272751879e+00,6.033863236201575830e+00,5.233339480168025304e+00,4.000000000000000000e+00
-2.031798843259199128e+00,-2.151839393608620199e+00,2.801864638630549020e+00,3.159786678993800280e+00,7.031236527899978661e+00,5.000000000000000000e+00
1.212645288694351176e-01,3.311413964809450938e-01,5.898608271160136418e+00,6.483494515915735334e+00,-5.352076944965736160e+00,9.000000000000000000e+00
-2.049924346847746826e+00,-2.532850400887839193e+00,7.666302425486017036e+00,-1.306942596594547368e+00,2.095521740986777459e+00,4.000000000000000000e+00
2.684506860319406663e+00,1.437694399424812364e+00,-2.008425908104441326e+00,7.031357599917569701e+00,-8.503999328629756604e-01,3.000000000000000000e+00
1.902065393981496211e+00,1.591996457315672409e+00,1.243397033174472588e+00,1.001525045765689192e+01,6.228151206685519803e+00,3.000000000000000000e+00
2.068853568506263674e+00,3.010503923303860407e+00,2.870903401061080551e+00,7.143579403764785951e-01,5.684250632700246442e+00,5.000000000000000000e+00
4.750480491742850031e-01,-1.440171586495663014e+00,3.590720197687782722e+00,6.583995046017324881e+00,-3.936720413095458504e+00,4.000000000000000000e+00
-1.480699084792423514e+00,-1.304390602169084534e+00,5.547643552647214982e+00,3.591273255320450719e+00,8.500401016944916677e+00,1.000000000000000000e+01
4.099400369973374758e+00,4.049402737045848077e+00,4.685874893098661786e+00,5.267362179743336981e+00,2.500237187056018051e+00,6.000000000000000000e+00
-2.391118964229962618e+00,-1.737460925903665743e+00,5.915290349684912741e+00,1.000724626680435847e+01,8.629394308256539858e+00,5.000000000000000000e+00
4.028018889374731515e+00,5.102432438038014162e+00,2.684080619052009453e+00,4.809213092702338876e+00,-3.387026165497450947e-01,4.000000000000000000e+00
-1.840788586613080202e+00,-8.477942330413503758e-01,6.144887592474757021e-01,6.557768483988068553e+00,9.599993458688345527e+00,0.000000000000000000e+00
-2.046610839229040302e+00,-8.338165921604818731e-01,8.349869558162023253e+00,-1.552178564718731835e+00,1.069142006942406198e+01,4.000000000000000000e+00
-3.243213887964317976e-01,2.685619691427483691e+00,2.959975537786774247e+00,6.434563143811126373e+00,-6.854948010896197985e+00,1.000000000000000000e+00
1.942523331872024750e+00,2.098783057395459561e+00,1.774457529989595272e+00,9.940028603416511288e+00,1.657595426243285264e+00,7.000000000000000000e+00
5.385422484684768918e+00,4.283073629189005693e+00,-7.166579455251058661e-01,-1.940024916528830801e-01,-1.555517358855093679e+00,3.000000000000000000e+00
-3.766920737887124560e+00,-2.782608304460426840e+00,2.978405243312965744e+00,2.207907417407301232e+00,3.918872789083561070e+00,1.400000000000000000e+01
4.626758745062891975e+00,2.067270855610167324e+00,5.513470079109459299e+00,6.244506536896948568e+00,-3.398110923815398365e-01,-2.000000000000000000e+00
2.294430698673645352e+00,9.080528913930383528e-01,9.986038146418088068e-01,5.291136511199800552e+00,4.025865240293952318e+00,-1.300000000000000000e+01
-1.171679943338640006e+00,-1.153456108867918495e+00,2.099861354802366353e+00,-1.938911007064319847e+00,-1.329587682173943186e+00,6.000000000000000000e+00
3.651863964290872566e+00,4.762945786002156012e+00,3.247469324630362308e+00,4.159645489647363803e+00,2.590164514421848807e+00,1.000000000000000000e+00
-1.263982835134422889e-01,1.470699597766181421e+00,3.916524308687217015e+00,2.169272779076167446e+00,6.836900480396128632e-01,5.000000000000000000e+00
7.606181100657455341e-01,8.743017852548495839e-01,1.720494651698907917e+00,-3.746205291884092681e-01,7.498931612690904025e+00,-2.000000000000000000e+00
1.976133098036500391e+00,1.908012451187701242e+00,1.319172404467719550e+00,8.926899473570681920e+00,-1.007668301363463748e+00,1.600000000000000000e+01
-2.661095648351971654e+00,-2.456708534225529483e+00,9.677139416151314677e-01,3.521841510292958333e+00,3.086140479319669616e+00,2.000000000000000000e+00
-4.278889305494109063e-01,-1.497212050842052999e+00,-8.197891722997825426e-01,7.432194611624419522e+00,7.698953199803173497e-01,0.000000000000000000e+00
1.831839782498315028e+00,3.347576862580947665e-01,1.894658879785051653e-01,-1.193652104981280715e+00,5.934692673143711072e-01,1.600000000000000000e+01
2.105477253142093552e+00,1.632803361588570423e+00,1.087997243816407611e-01,5.855782630084362061e+00,-1.639952738830095624e+00,1.000000000000000000e+01
4.075734713344370874e+00,3.549268740089819296e+00,-2.126531253328483473e+00,7.746758091266348067e+00,2.624467205383454349e+00,1.300000000000000000e+01
-1.085397720590403736e+00,-7.698424583981076097e-01,5.478834009274267558e+00,2.531405598582953775e+00,1.000537905682251427e+01,3.000000000000000000e+00
-1.231500714396014162e+00,-1.226582639329389046e+00,3.578703214864462634e+00,1.511279563287390104e+00,7.165923087746972620e+00,5.000000000000000000e+00
2.414486186914362342e+00,2.002852733507012317e+00,2.926681349977584112e+00,-1.717086964051262044e+00,1.610035441656752386e+00,1.000000000000000000e+00
4.114658165028148851e-01,7.282039792689460889e-01,6.413643954441701212e+00,2.778928359489318822e-02,5.706233241286197355e+00,0.000000000000000000e+00
-2.181701625313779314e+00,-2.842548796113228526e+00,4.653542147916233773e+00,1.689466861458035041e+00,6.660450679068478763e+00,7.000000000000000000e+00
-1.892926662003460603e+00,-8.367509467656724098e-01,1.311530302377725832e-01,-4.036446806266345000e-01,4.979617671558068892e+00,2.000000000000000000e+00
-9.573825879598396593e-02,6.364640265038423728e-01,6.020173183950112694e+00,4.282133555798655067e-01,1.830341282167283978e+00,1.800000000000000000e+01
-3.553201157666123766e-01,6.915929805771732219e-01,5.416784552439665390e+00,4.132387665618835193e+00,7.491363335020558623e+00,1.000000000000000000e+01
5.110944316909972196e-01,1.179716545666463334e+00,-8.537649907307232056e-01,4.611152793570839847e+00,-1.000937438240006649e+01,1.600000000000000000e+01
-1.887923345383356377e+00,-1.600639120093353185e+00,5.208343205803460663e+00,7.863380082127083170e+00,-5.063601045895765651e+00,-8.000000000000000000e+00
1.767061645649315116e+00,7.379705089619910119e-01,1.098251283702329495e+00,4.529065844861932533e-01,8.398151669810577147e+00,1.600000000000000000e+01
2.935588935912760267e+00,2.894156753955767769e+00,5.491444716830423900e+00,3.592740844538064859e+00,1.232075757707127295e-01,-9.000000000000000000e+00
-6.059576333219397704e+00,-4.775268601434312643e+00,1.486159698793129591e+00,1.829212909840393975e+00,1.336143782742272279e+01,-2.000000000000000000e+00
-9.667404505186961705e-01,4.352200167215299897e-01,9.000018318536229245e-01,1.546539001451550099e+00,5.243867555177380568e-01,-5.000000000000000000e+00
-2.739939004347142770e+00,-2.323941475429549097e+00,1.209177634931588141e+00,2.235443081441375490e+00,1.469516213984480402e+01,6.000000000000000000e+00
1.769937652455223276e+00,9.355366224773246087e-01,-4.165046184471110635e-01,2.715298141014158784e+00,2.381870100724596817e+00,4.000000000000000000e+00
-6.065928394161959059e-01,-2.009569784210835763e+00,-1.941068834008684796e+00,4.501585065184248613e+00,8.256527519511301705e+00,9.000000000000000000e+00
-3.226159271300783615e-01,1.268149069806114415e+00,-4.996992379542831486e+00,2.178568133692502240e+00,4.961196907824803048e-01,4.000000000000000000e+00
4.625625231936978388e+00,4.253272767466919291e+00,-6.640189999977770263e-01,8.409322520207075158e+00,-4.738931203245568824e+00,1.200000000000000000e+01
-1.360790705884717289e+00,-9.589182444087924750e-01,1.039186984066195230e+01,-3.317601526751607466e+00,-3.745724655943259762e+00,0.000000000000000000e+00
-9.931026539123308794e-01,-6.688818689888145208e-01,3.934782666182589317e+00,7.715814501957138027e+00,8.597402150305608615e+00,1.200000000000000000e+01
-1.003944577775128577e+00,6.029730113439835115e-02,8.092667826377223150e+00,2.025985336231847178e+00,5.916790576036810911e+00,4.000000000000000000e+00
1.417301059006014441e+00,1.637364306458924945e+00,1.545398226740819503e+00,2.744668333589378229e+00,2.831098593263666530e+00,1.900000000000000000e+01
-2.147272002139141378e+00,-1.038092542252179840e+00,1.095035447570603893e+00,3.461538086545426829e+00,-6.549866266544555060e-01,1.000000000000000000e+01
-2.627323439486078938e-02,2.395776890894928401e-01,7.649621972562568040e+00,6.322568173023883631e+00,1.083775231133292749e+01,3.000000000000000000e+00
8.092773518642211172e-01,-3.389804907203197715e-01,3.627287285052490873e+00,-2.116623587710630972e-02,4.868343458426566350e+00,4.000000000000000000e+00
6.981825305166445839e-01,6.694501052727730439e-02,-3.658264960784345377e-01,8.725630911220054742e-01,7.447499140151840002e+00,-1.000000000000000000e+00
3.574574255414534107e+00,1.660822644725555630e+00,4.398752453496114434e+00,5.502238687590590871e+00,2.324241504250249335e+00,7.000000000000000000e+00
2.628484888838438227e+00,2.102127659136440840e+00,6.252653855839447772e+00,-3.292715317501030192e+00,-3.549235395127828596e+00,3.000000000000000000e+00
-1.779083224135134200e+00,-1.953601293631942237e+00,-1.783617299475794837e+00,3.363333476438990388e+00,1.091578309955756332e+01,9.000000000000000000e+00
2.205911802838333990e+00,1.653016195325949234e+00,3.893974995432059494e+00,3.090813180400435733e-01,4.600826027283487996e+00,-3.000000000000000000e+00
6.515725004033734891e+00,7.291523173449041550e+00,-1.585174329726909193e+00,-5.329166978195125637e-01,-4.198573043066805788e+00,3.000000000000000000e+00
2.002421836596639970e+00,4.088450185357384470e+00,6.090265972926856008e+00,-3.053855393059319745e+00,2.079902476533208144e+00,-1.000000000000000000e+00
5.124559133243793418e-01,-2.837152381396923495e-01,3.192095295764608487e+00,6.589208220276142391e+00,8.371432949400478662e+00,-1.000000000000000000e+00
-5.315220272759992870e-01,1.263807057461068029e+00,4.388983476628625091e+00,4.135303596838602047e+00,6.037223227436789408e+00,8.000000000000000000e+00
2.054444523850213145e+00,9.328434685526312276e-01,1.847668193860070307e+00,8.108751890068148782e-01,-5.489474560598548436e+00,1.100000000000000000e+01
2.669723181279195057e+00,1.918909437937379003e+00,-2.844807287669972595e+00,2.841768361317724256e+00,-5.369918361845038568e+00,-8.000000000000000000e+00
-6.939503155416241187e-01,1.555708301688157880e-01,1.175703519314942991e+00,-8.715292570171140341e-01,7.508674818191215294e+00,1.600000000000000000e+01
2.561066539881845516e-02,4.617003285210804497e-01,5.289518571917328771e+00,1.355256626238003470e+00,5.769910378877984858e-02,1.300000000000000000e+01
-4.731865080851660466e-01,-4.616479019610322254e-01,8.480886347555552263e+00,2.706614656327768209e+00,-7.814150902448586677e-01,-3.000000000000000000e+00
2.268705839612465081e+00,3.190877157032802725e+00,3.346870269666030850e+00,3.755801900343246569e+00,2.669643991697447927e+00,9.000000000000000000e+00
2.162462617174399693e+00,1.621942427825429078e+00,4.409422665634421534e-01,5.068254447899771087e+00,-3.016661963530150814e+00,2.000000000000000000e+00
2.265781878513352332e+00,1.637112096931159444e+00,4.107108334802295424e+00,-3.723409655995440382e+00,-3.281816107662405280e-02,4.000000000000000000e+00
1.993796851422944050e+00,3.436758291569681489e+00,5.019684202857513711e+00,5.080703836899248316e+00,4.824590956023799393e+00,8.000000000000000000e+00
2.643237382614545439e+00,3.466346389730059041e+00,2.898261214225202664e+00,-3.401984884773517237e+00,-7.037055482554187336e+00,7.000000000000000000e+00
3.052189219430758271e+00,3.088996065403786240e+00,2.713642621996356752e+00,5.226133914366331901e+00,-5.930314863882062859e+00,1.000000000000000000e+00
4.546908495194530886e+00,3.406328164224140309e+00,3.140824774960970345e+00,2.646756182206176256e+00,-7.461310324468097832e+00,1.000000000000000000e+00
4.777621175143546672e+00,4.125336179495517896e+00,2.630651132295992234e+00,7.865839385650606808e+00,-4.431160332918532063e+00,1.000000000000000000e+00
-3.264156582650123095e+00,-9.332382811241357601e-01,3.393342889511941962e+00,8.021076425163666812e-01,5.346814476422692586e+00,1.100000000000000000e+01
1.106496961943232438e-01,4.026438739101504405e-01,7.982689756221716060e+00,6.623360041894855499e+00,5.034164698153177353e-01,-6.000000000000000000e+00
2.890570282583547979e+00,2.417896665580104631e+00,-3.599909196815116452e+00,-1.169572899835293889e+00,9.098848656048698302e+00,4.000000000000000000e+00
-1.571018970743822241e+00,-7.710591532908674939e-01,1.784632916743350339e+00,3.923551470372286687e+00,7.047607913533450841e+00,1.400000000000000000e+01
-6.039211644189517170e-01,2.734911909795419982e-01,-2.970623804729672912e-01,-4.652003878209553633e+00,3.632418549559587984e+00,9.000000000000000000e+00
6.418797593006504432e-01,1.388834442288952919e+00,6.042409181698692677e+00,7.032251844815123221e+00,8.948210308599488627e+00,1.100000000000000000e+01
2.317518054897761415e-01,5.397289305808936621e-01,2.077353491036860955e+00,1.040749361335818435e+01,-3.193763969806542313e+00,4.000000000000000000e+00
1.529440780099731167e-01,1.132037498686393695e+00,4.179114326601938600e+00,7.071111101049938341e-01,7.200820120226110177e+00,-1.000000000000000000e+00
-6.308530740424276306e-01,-1.290783443769814021e+00,6.781920333477604146e+00,3.990522267925260103e+00,4.109490260644746762e+00,5.000000000000000000e+00
6.378911552028276866e-02,9.244905846322726273e-01,-7.430288168390002390e-01,5.275351699180801823e+00,7.988961955309907825e-01,0.000000000000000000e+00
2.318893903797738520e-01,1.268048132361690561e+00,9.174470863505563845e-01,-2.701019988610440237e+00,5.787308138472477381e+00,1.800000000000000000e+01
3.831316835080468497e+00,4.230008735109395346e+00,6.472247109635786089e+00,5.035732128390235651e-01,-2.292551639461240853e+00,4.000000000000000000e+00
1.941657672282578906e+00,4.627411182349960850e-01,-8.631883440213146130e-01,2.559607254500542162e-01,4.446776565202910980e+00,8.000000000000000000e+00
2.247523269797663259e-01,-3.005275415110164605e-01,1.018658948552900068e+00,1.312825460174119030e+01,3.800973256655664656e+00,1.500000000000000000e+01
3.014751953353643987e+00,2.425888118902906676e+00,-2.301066498927230697e+00,7.683209457441441792e+00,3.106370748242992086e+00,-1.000000000000000000e+00
-5.063246604966176179e+00,-5.349497876266952723e+00,6.590090050220676510e+00,2.631668540335593054e+00,6.814095728577783007e+00,-8.000000000000000000e+00
-5.816778554222200581e-01,3.653030891107591493e-01,7.562603092576793973e-01,6.616162976136030771e+00,8.268508710480059420e+00,7.000000000000000000e+00
-6.674927070256411188e-01,-2.742692342511765524e-02,3.553481401141347362e+00,4.344998070834875215e+00,-6.193467592051630888e+00,9.000000000000000000e+00
7.118473825600234450e-01,1.521843313613409077e+00,4.527940972731880898e+00,5.872149095718993905e+00,5.682619462158703172e+00,2.000000000000000000e+00
4.584012510566546794e+00,3.492452508681251455e+00,9.028938875171332867e-02,-7.140566449892986611e-01,-8.948651221064858774e+00,-1.000000000000000000e+00
4.397899129085478087e+00,4.102562397802700822e+00,-3.212000245090537831e+00,8.993505567517331656e+00,-3.869803357747913175e+00,6.000000000000000000e+00
-1.734103301906801953e-01,1.493895372504691066e+00,1.841607707965707830e+00,4.290384349186351365e-01,5.117899903950069884e+00,4.000000000000000000e+00
-6.507143445034626605e-01,-2.103367422888155591e+00,1.792516710262812563e+00,6.361118983262699089e-01,-3.964980432288306655e+00,6.000000000000000000e+00
-3.603246437936538649e-01,-2.837321268239434424e-02,2.318489564207867559e+00,5.860908727109799266e+00,4.860776936260997161e+00,-1.000000000000000000e+00
8.442777646351687926e-01,1.908997501149473086e-01,2.335051023116903046e+00,4.883043006973863065e+00,-3.047628994454156359e+00,6.000000000000000000e+00
2.786768791650685806e+00,1.734430851604267687e+00,1.003681473000463953e+00,3.592626944282435897e+00,-2.579780090118807045e+00,9.000000000000000000e+00
-1.449575603135941915e+00,1.112493080320861694e+00,8.873880944580421204e-01,6.858400334160162259e+00,-2.187862195360854578e+00,-4.000000000000000000e+00
7.800145160728882976e-02,-3.765962556726563104e-01,3.393110586444358923e+00,-1.144220955014350949e+00,-2.340069255720673702e+00,1.300000000000000000e+01
-1.755872948875638606e+00,-1.503296883832938580e+00,2.842782991097081435e-02,1.087741418670148263e+01,-3.144755129042841713e+00,6.000000000000000000e+00
-3.159045796567861775e+00,-7.371537992861840749e-01,2.214029655729045309e+00,1.497379127816963251e+00,1.509309110161691692e+01,1.000000000000000000e+01
-1.943220859656769717e+00,-8.106937671310667781e-01,8.111238057715812744e-01,3.146355451388560986e+00,3.898336364613538052e+00,-2.000000000000000000e+00
3.788545445437193404e+00,4.243153987072124877e+00,3.386815730929742863e+00,1.093930704717043767e+01,-6.430266220717326675e+00,9.000000000000000000e+00
3.063341641538582794e-01,-5.393172126132546040e-01,5.825728840954814913e+00,6.622398393728010646e-01,1.728697530399750271e+00,-4.000000000000000000e+00
9.440341614204876830e-01,1.120272111432514928e+00,5.948133319357060245e+00,7.592170010090724119e+00,3.063033030524661804e+00,0.000000000000000000e+00
3.085004131034291941e+00,2.936882816695188581e+00,6.367872617613022257e+00,2.642712287209408650e+00,-8.303568290394500728e-01,6.000000000000000000e+00
1.033668210025481926e+00,1.389796572865303226e+00,1.497721673973643863e+00,1.326617240237388806e-01,-3.724005444200249926e+00,3.000000000000000000e+00
-8.410100758464467141e-02,-1.172005281890466932e+00,1.749859024506520644e+00,1.965043230538123131e+00,6.758468789876115324e-01,5.000000000000000000e+00
3.491201212212772909e+00,2.970170055598573722e+00,-1.306856940374553133e+00,5.765120787088781285e+00,6.958411992347164343e+00,1.600000000000000000e+01
1.871229721190744932e+00,1.708374239406744266e+00,1.472352916503222087e+00,7.557065319030940920e+00,-4.721939022895391247e+00,5.000000000000000000e+00
-4.514108472904840852e+00,-3.370975471708582916e+00,1.579486528156406777e+00,4.402423679671336743e+00,-2.613878956144583654e+00,9.000000000000000000e+00
3.611282287119604195e+00,3.491442871988560182e+00,6.485570931416622109e-01,-2.891774607540749997e+00,-1.431216938742240874e+00,4.000000000000000000e+00
5.528631211585949501e+00,2.746759406206704668e+00,6.346205697317963690e-01,6.042126598647302060e+00,-8.405341306904208665e+00,4.000000000000000000e+00
2.472268259359811093e+00,1.677000972860496875e+00,-2.593094570536510268e+00,2.931472661536275837e+00,-2.225867994579503240e+00,0.000000000000000000e+00
3.530184187758603098e+00,4.269526971391088388e+00,-1.525737787167192216e+00,-9.099310673151581597e-01,-6.529212963456593855e+00,7.000000000000000000e+00
4.553395297238513884e+00,2.700935407025117030e+00,2.633630762736239639e+00,4.885574481397869206e+00,-4.916878614353325183e+00,2.000000000000000000e+01
2.472489996088467645e+00,3.255883617545753950e+00,2.746219918839190033e+00,8.035358074588469179e+00,1.091765304313255136e+00,5.000000000000000000e+00
3.787107222148080599e+00,3.072803181437063547e+00,3.949167608487401893e+00,3.526875791988778541e+00,2.212481666782279088e+00,3.000000000000000000e+00
2.467888150736767372e+00,2.514087981488032142e+00,1.723316589347040129e+00,7.193330767157044114e+00,-2.543596191782400595e+00,1.100000000000000000e+01
-2.399636605962072178e+00,-2.581765692274297308e+00,2.534962713497491027e+00,5.349584137762379399e+00,6.109854945746790555e+00,1.100000000000000000e+01
-2.124104797707466741e+00,-2.342934515867239220e+00,6.251528647194394495e+00,5.401217179306704530e+00,2.064331342098800093e+00,7.000000000000000000e+00
2.454112539274139859e+00,2.701680965685735458e+00,2.341297528610509104e+00,2.278052195789454615e+00,3.302512221829752903e+00,3.000000000000000000e+00
3.073961770478601085e+00,3.463301478150259793e+00,6.037925585776844351e-01,6.774786155309364233e+00,-6.851619928168398488e+00,1.100000000000000000e+01
-1.727180879700000782e+00,-4.103467951368373612e-01,-1.072843712173347619e+00,7.156715381721196145e+00,5.236550030730436234e+00,5.000000000000000000e+00
-2.352544717742560465e+00,-1.227525687532024623e+00,4.892439590855289566e+00,6.670671360855093823e+00,6.432928668408782968e+00,1.000000000000000000e+01
1.859263972865246473e+00,1.525300273587029354e+00,-2.610027210154051147e+00,2.244853053105002605e+00,1.415459557567731608e+01,0.000000000000000000e+00
-2.586823829998661228e+00,-1.904109513845245072e+00,-1.525585906430348970e-02,7.440319077954431926e+00,-2.868105952441592610e+00,1.000000000000000000e+00
-2.478055767025514333e-01,6.622043117523526146e-01,3.755737998809430156e+00,5.045258019238048952e+00,1.661659793281097564e+01,5.000000000000000000e+00
3.117110953557483910e+00,2.897870529694647201e-01,-3.219659530552408278e+00,-3.893018457082564332e-01,7.493635999973821349e+00,-2.000000000000000000e+00
3.040432019271427144e+00,5.510865939968558891e-01,6.569356363578680025e-01,1.974030862880213233e+00,1.258548693670648433e+01,2.000000000000000000e+00
5.349686130456882793e+00,4.768862035810601085e+00,2.887502518887197667e+00,1.378364103081472614e+00,3.757463660450676812e+00,-2.000000000000000000e+00
4.535288211673559333e-01,-2.679829169214660300e-01,1.349987037398237444e+00,-4.451587518046119740e+00,-4.497181282201789809e-01,-4.000000000000000000e+00
2.944007468270460892e-01,1.106817387890217663e+00,-4.480667825847266528e-01,7.513652200713361040e+00,6.182382644554833107e+00,1.900000000000000000e+01
-2.809553342143062071e+00,-1.624312403538478833e+00,7.196670253582657661e-01,1.590474687073206894e+01,2.296048706263536854e+00,1.000000000000000000e+00
2.540412247737765750e+00,2.880748073831573386e+00,4.950952979962084832e+00,8.333391607523742195e+00,6.785285477087046324e-01,1.000000000000000000e+00
6.411255060607201628e-01,6.408289517861704976e-01,7.994132172337728548e+00,4.151437298476894355e+00,-2.514254421559001251e+00,5.000000000000000000e+00
4.069694050091816173e+00,3.356616490555530241e+00,2.918466044780794633e+00,1.436725077483702595e+00,-2.750104796243665550e+00,-1.000000000000000000e+00
-5.744550727551303027e+00,-3.914214226484793890e+00,-3.464854939547606705e+00,-2.003349729165293525e-01,1.239909691801280189e+01,1.000000000000000000e+00
3.030985205292052509e+00,8.837380373965560976e-01,4.204306831331782845e+00,4.102581515275036672e+00,5.306044496848226544e+00,1.600000000000000000e+01
1.512279787998684233e+00,1.264255071313149958e+00,1.310849456333003094e+00,7.373226053039872774e+00,7.856896098322941668e+00,7.000000000000000000e+00
1.272349855262441265e+00,2.823046555810983627e+00,-7.862685567153588906e-01,8.016701911670001124e-01,-5.812106568234149506e+00,1.000000000000000000e+01
-1.265227751137333878e-01,-2.839975704625932185e-01,9.918084572450691638e-02,1.375704071020219921e+01,-5.068206876684187456e+00,1.400000000000000000e+01
1.671198765688593824e+00,2.573649628782319176e+00,2.266304565343553179e-01,-2.035972530860939322e+00,6.934928932063244567e+00,6.000000000000000000e+00
-1.027411125800445690e+00,-5.487102905719210000e-02,-1.732542808333539242e+00,4.397992819412800181e+00,9.193235377496938199e+00,3.000000000000000000e+00
1.251124706339048487e-01,1.187514357808375109e+00,2.310793668680899415e+00,3.781177394155590399e+00,3.870172868650182174e+00,-3.000000000000000000e+00
2.587417152690786537e+00,2.843903114509951813e+00,7.984440397929478017e+00,3.526505681644357626e+00,3.252225129245169377e+00,2.000000000000000000e+00
1.243176652101058099e+00,-8.595390386531196469e-01,-7.975732730085161037e-01,1.224580391051652395e+00,9.184729764307432376e+00,4.000000000000000000e+00
2.573834680105890893e+00,2.481169341461783695e+00,7.892041075472512546e+00,3.829865574788597904e+00,2.426451121478954143e+00,0.000000000000000000e+00
2.363694949901969267e+00,1.669805143972047823e+00,3.124350032428426349e+00,1.700915432989840825e+00,5.013531096539977305e+00,1.400000000000000000e+01
1.271166019883602338e+00,3.326517380521268885e-01,2.221308134631750253e+00,8.651557608850168890e+00,7.741461863188402681e+00,1.100000000000000000e+01
-4.811695192978091007e-01,-3.364131907386220810e-01,1.534120254801570438e+00,9.983096333635780084e+00,3.868840708981337695e+00,1.000000000000000000e+01
-4.362677754042938894e+00,-3.201657735601600940e+00,8.156749760383474879e-02,1.945827002467828137e+00,5.473683285249340003e+00,4.000000000000000000e+00
-7.592735961340595363e-01,8.394680872821014272e-01,3.375557805503543118e+00,-3.079882706299976292e+00,5.070797091515592214e+00,-1.000000000000000000e+00
-5.145552833535965709e-02,3.359966553314697180e-01,4.065937141587424364e+00,4.770588494891534026e+00,1.498707349845768988e+01,1.200000000000000000e+01
3.422199830753111183e+00,2.278263517371163616e+00,-4.775428742925668324e+00,4.626377640054871954e+00,-2.516681728628340942e+00,7.000000000000000000e+00
3.011388082147629763e+00,2.075995932098002150e+00,1.012911501750294541e+01,3.920849235537814170e+00,-2.296967258672681922e-01,9.000000000000000000e+00
3.396615236748916189e+00,3.140234608722807241e+00,-2.932959097248364344e+00,5.631810884071333234e+00,-7.922288140645575183e+00,8.000000000000000000e+00
3.602337184597515840e+00,3.213458568038807250e+00,9.330135918856417021e-01,9.026111244975485448e+00,2.960558416576097862e+00,6.000000000000000000e+00
7.174251394325533049e+00,7.311075754771263924e+00,-5.174863577979288642e+00,6.831888721336218495e+00,-5.960744713492099223e+00,1.600000000000000000e+01
1.545837943953570548e+00,2.027319937741567379e+00,1.696272254903330667e+00,5.625741279747938250e+00,-5.028981661664364999e+00,1.000000000000000000e+00
-1.459124757670967165e+00,-7.209411788170891899e-01,1.115608372427466133e+00,6.515662178829716211e+00,4.402988752649317661e+00,3.000000000000000000e+00
1.180935734078713661e+00,2.652385978380559450e+00,9.649198966019514323e-01,4.505903275991128609e+00,8.820771846870801625e+00,1.400000000000000000e+01
